RMSE global mean,RMSE user mean,RMSE item mean
1.8097625216075683,1.9275765081669027,2.0700709468339165
