Model,RMSE
Global Mean,1.8097625216075683
User Mean,1.9275765081669027
Item Mean,2.0700709468339165
